,Mean,Std
PH_Salinity,-0.11982901095872794,0.22849231781617618
PH_Temperature,-0.005497522097898514,0.2822345507656356
ORP_PH,-0.3735409044715972,0.4497785029812042
ORP_Salinity,0.0891229415788324,0.25253389352539585
ORP_Temperature,-0.10582066526601451,0.27305131931310533
Salinity_Temperature,-0.1578182194625519,0.30706655886899537
